Name,Brewery,Price,Rating,ABV,Style,Image_File,URL,Country,Label_Color,Text_Color,Analysis_Error
Jamaica,Cyclic Beer Farm,11.50,3.78,5.5%,Sour - Fruited Berliner Weisse,beer-images.beerizer.com%2Fraw%2F82%2F26%2F268667.jpg,"=HYPERLINK(""https://beerizer.com/shop/buvance/jamaica--268667"", ""Beer Page"")",Spain,white,black,
Orangie,Cyclic Beer Farm,12.00,3.75,4%,Farmhouse Ale - Saison,beer-images.beerizer.com%2Fraw%2F82%2F26%2F268671.jpg,"=HYPERLINK(""https://beerizer.com/shop/buvance/orangie--268671"", ""Beer Page"")",Spain,yellow,red,
Xino Xano,Cyclic Beer Farm,9.10,3.67,4%,Sour - Berliner Weisse,beer-images.beerizer.com%2Fraw%2F82%2F26%2F268418.jpg,"=HYPERLINK(""https://beerizer.com/shop/buvance/xino-xano--268418"", ""Beer Page"")",Spain,yellow,black,
Orange Dream,Cyclic Beer Farm,12.00,3.95,4%,Sour - Fruited,beer-images.beerizer.com%2Fraw%2F82%2F41%2F418443.jpg,"=HYPERLINK(""https://beerizer.com/shop/buvance/orange-dream--418443"", ""Beer Page"")",Spain,yellow,black,
Pomelo del Huerto,Cyclic Beer Farm,12.00,3.84,4%,Sour - Fruited Gose,beer-images.beerizer.com%2Fraw%2F82%2F41%2F418442.jpg,"=HYPERLINK(""https://beerizer.com/shop/buvance/pomelo-del-huerto--418442"", ""Beer Page"")",Spain,yellow,black,
Volta,Cyclic Beer Farm,10.90,3.79,4%,Sour - Fruited,beer-images.beerizer.com%2Fraw%2F82%2F41%2F418438.jpg,"=HYPERLINK(""https://beerizer.com/shop/buvance/volta--418438"", ""Beer Page"")",Spain,yellow,white,
Thyme After Thyme,Cyclic Beer Farm,9.50,3.78,3.8%,Farmhouse Ale - Saison,beer-images.beerizer.com%2Fraw%2F82%2F41%2F418439.jpg,"=HYPERLINK(""https://beerizer.com/shop/buvance/thyme-after-thyme--418439"", ""Beer Page"")",Spain,white,black,
Matinada,Cyclic Beer Farm/ Dry River Brewing,11.50,3.73,5.5%,Sour - Other,beer-images.beerizer.com%2Fraw%2F82%2F41%2F418444.jpg,"=HYPERLINK(""https://beerizer.com/shop/buvance/matinada--418444"", ""Beer Page"")",Spain,white,black,
Plums,Cyclic Beer Farm/ Dry River Brewing,13.50,3.73,5.5%,Sour - Other,beer-images.beerizer.com%2Fraw%2F82%2F41%2F418441.jpg,"=HYPERLINK(""https://beerizer.com/shop/buvance/plums--418441"", ""Beer Page"")",Spain,yellow,black,
Elder,Cyclic Beer Farm,11.50,3.73,4.5%,Farmhouse Ale - Saison,beer-images.beerizer.com%2Fraw%2F82%2F41%2F418445.jpg,"=HYPERLINK(""https://beerizer.com/shop/buvance/elder--418445"", ""Beer Page"")",Spain,gold,black,
Saturnalia,Cyclic Beer Farm,13.50,3.71,6.5%,Farmhouse Ale - Saison,beer-images.beerizer.com%2Fraw%2F82%2F41%2F418440.jpg,"=HYPERLINK(""https://beerizer.com/shop/buvance/saturnalia--418440"", ""Beer Page"")",Spain,gold,green,
Tombée Du Ciel,Brasserie Sir John Brewing Co.,13.71,4.12,10%,IPA - Triple New England / Hazy,beer-images.beerizer.com%2Fraw%2F62%2F41%2F418437.jpg,"=HYPERLINK(""https://beerizer.com/shop/onlygoodbeer/tombee-du-ciel--418437"", ""Beer Page"")",Canada,white,black,
Tete Dans Les Nuages,Brasserie Sir John Brewing Co.,13.18,4.12,7%,IPA - Imperial / Double New England / Hazy,beer-images.beerizer.com%2Fraw%2F62%2F41%2F418436.jpg,"=HYPERLINK(""https://beerizer.com/shop/onlygoodbeer/tete-dans-les-nuages--418436"", ""Beer Page"")",Canada,dark,light,
Sous Pression,Brasserie Sir John Brewing Co.,12.65,3.94,7%,IPA - New England / Hazy,beer-images.beerizer.com%2Fraw%2F62%2F41%2F418435.jpg,"=HYPERLINK(""https://beerizer.com/shop/onlygoodbeer/sous-pression--418435"", ""Beer Page"")",Canada,blue,white,
Nonkel Pater,Antwerpse Brouw Compagnie,2.60,3.54,9%,Belgian Quadrupel,beer-images.beerizer.com%2Fraw%2F50%2F37%2F376710.png,"=HYPERLINK(""https://beerizer.com/shop/beervikings/nonkel-pater--376710"", ""Beer Page"")",Belgium,green,white,
SchuppenBoer Zero,Brouwerij Het Nest,2.00,3.23,0.2%,Non-Alcoholic - Other,beer-images.beerizer.com%2Fraw%2F50%2F41%2F410140.png,"=HYPERLINK(""https://beerizer.com/shop/beervikings/schuppenboer-zero--410140"", ""Beer Page"")",Belgium,blue,white,
Astoria,Brasserie Sir John Brewing Co.,12.65,3.93,7.2%,IPA - American,beer-images.beerizer.com%2Fraw%2F62%2F41%2F418434.jpg,"=HYPERLINK(""https://beerizer.com/shop/onlygoodbeer/astoria--418434"", ""Beer Page"")",Canada,white,black,
Juicy By Nature,Salikatt Bryggeri,8.50,4.13,10%,IPA - Triple New England / Hazy,beer-images.beerizer.com%2Fraw%2F94%2F41%2F418429.jpg,"=HYPERLINK(""https://beerizer.com/shop/verdins/salikatt-juicy-by-nature--418429"", ""Beer Page"")",Norway,green,white,
Vibe Check,Salikatt Bryggeri,8.25,4.04,8%,IPA - Imperial / Double New England / Hazy,beer-images.beerizer.com%2Fraw%2F94%2F41%2F418430.jpg,"=HYPERLINK(""https://beerizer.com/shop/verdins/salikatt-vibe-check--418430"", ""Beer Page"")",Norway,blue,white,
Le Jardin Des Délices,Fauve,7.50,3.78,5.3%,Sour - Fruited Berliner Weisse,beer-images.beerizer.com%2Fraw%2F94%2F41%2F418426.jpg,"=HYPERLINK(""https://beerizer.com/shop/verdins/fauve-le-jardin-des-delices--418426"", ""Beer Page"")",France,pink,white,
Jopen x Goodness London Calling Haarlem,Jopen,4.50,3.45,5.5%,IPA - Cold,beer-images.beerizer.com%2Fraw%2F94%2F41%2F418427.jpg,"=HYPERLINK(""https://beerizer.com/shop/verdins/jopen-x-goodness-london-calling-haarlem--418427"", ""Beer Page"")",Netherlands,blue,white,
Schelde Brouwerij Schol,Scheldebrouwerij,2.50,2.91,0.4%,Non-Alcoholic - Pale Ale,beer-images.beerizer.com%2Fraw%2F94%2F39%2F395625.png,"=HYPERLINK(""https://beerizer.com/shop/verdins/schelde-brouwerij-schol--395625"", ""Beer Page"")",Belgium,white,black,
Wheat In Motion6-pack,To Øl CPH,26.70,3.35,4.2%,Wheat Beer - Hefeweizen,beer-images.beerizer.com%2Fraw%2F31%2F41%2F410797.png,"=HYPERLINK(""https://beerizer.com/shop/tool/wheat-in-motion-6-pack--410797"", ""Beer Page"")",Denmark,white,red,
Wheat In Motion24-pack,To Øl CPH,106.60,3.35,4.2%,Wheat Beer - Hefeweizen,beer-images.beerizer.com%2Fraw%2F31%2F41%2F410798.png,"=HYPERLINK(""https://beerizer.com/shop/tool/wheat-in-motion-24-pack--410798"", ""Beer Page"")",Denmark,blue,white,
Trouble Juice6 pack,To Øl,22.80,3.34,4.7%,IPA - Session,beer-images.beerizer.com%2Fraw%2F31%2F30%2F309674.png,"=HYPERLINK(""https://beerizer.com/shop/tool/trouble-juice-6-pack--309674"", ""Beer Page"")",Denmark,pink,black,
Trouble Juice24 pack,To Øl,79.80,3.34,4.7%,IPA - Session,beer-images.beerizer.com%2Fraw%2F31%2F30%2F309677.png,"=HYPERLINK(""https://beerizer.com/shop/tool/trouble-juice-24-pack--309677"", ""Beer Page"")",Denmark,blue,white,
Separation Rage (2025),Third Moon Brewing Company,16.60,4.21,11.9%,IPA - Quadruple,beer-images.beerizer.com%2Fraw%2F62%2F41%2F418424.jpg,"=HYPERLINK(""https://beerizer.com/shop/onlygoodbeer/separation-rage-2025--418424"", ""Beer Page"")",Canada,black,white,
Slings,Third Moon Brewing Company,12.85,4.07,10%,IPA - New England / Hazy,beer-images.beerizer.com%2Fraw%2F62%2F41%2F418425.jpg,"=HYPERLINK(""https://beerizer.com/shop/onlygoodbeer/slings--418425"", ""Beer Page"")",Canada,brown,red,
Dead Dont Die (2025),Third Moon Brewing Company,15.95,4.21,10%,Stout - Imperial / Double Milk,beer-images.beerizer.com%2Fraw%2F62%2F41%2F418422.jpg,"=HYPERLINK(""https://beerizer.com/shop/onlygoodbeer/dead-dont-die-2025--418422"", ""Beer Page"")",Canada,black,white,
Left Hand Path - Peacharine,Third Moon Brewing Company,12.65,3.96,6.5%,IPA - American,beer-images.beerizer.com%2Fraw%2F62%2F41%2F418423.jpg,"=HYPERLINK(""https://beerizer.com/shop/onlygoodbeer/left-hand-path-peacharine--418423"", ""Beer Page"")",Canada,white,red,
Bestowed - Cream Egg (2025),Third Moon Brewing Company,18.64,4.12,11.5%,Stout - Imperial / Double Pastry,beer-images.beerizer.com%2Fraw%2F62%2F41%2F418421.jpg,"=HYPERLINK(""https://beerizer.com/shop/onlygoodbeer/bestowed-cream-egg-2025--418421"", ""Beer Page"")",Canada,blue,white,
Wheat In MotionSingle,To Øl CPH,5.40,3.35,4.2%,Wheat Beer - Hefeweizen,beer-images.beerizer.com%2Fraw%2F31%2F40%2F407788.png,"=HYPERLINK(""https://beerizer.com/shop/tool/wheat-in-motion-single--407788"", ""Beer Page"")",Denmark,blue,white,
Trouble JuiceSingle,To Øl,5.40,3.34,4.7%,IPA - Session,beer-images.beerizer.com%2Fraw%2F31%2F30%2F309662.png,"=HYPERLINK(""https://beerizer.com/shop/tool/trouble-juice-single--309662"", ""Beer Page"")",Denmark,blue,black,
Bell Tree (2025),Third Moon Brewing Company,16.07,4.14,10.5%,IPA - Triple New England / Hazy,beer-images.beerizer.com%2Fraw%2F62%2F41%2F418420.jpg,"=HYPERLINK(""https://beerizer.com/shop/onlygoodbeer/bell-tree-2025--418420"", ""Beer Page"")",Canada,blue,white,
Barrel Aged From Underneath (2025),Third Moon Brewing Company,20.03,4.29,7.2%,Porter - Imperial / Double,beer-images.beerizer.com%2Fraw%2F62%2F41%2F418419.jpg,"=HYPERLINK(""https://beerizer.com/shop/onlygoodbeer/barrel-aged-from-underneath-2025--418419"", ""Beer Page"")",Canada,black,white,
Marrella (Cambrian Series),De Kromme Haring,3.79,3.46,6.3%,Lager - Smoked,beer-images.beerizer.com%2Fraw%2F18%2F41%2F418412.jpg,"=HYPERLINK(""https://beerizer.com/shop/beerdome/marrella-cambrian-series--418412"", ""Beer Page"")",Netherlands,blue,yellow,
Pfeiffer | West Coast Pale6-Pack,Cloudwater Brew Co.,29.00,3.62,4%,Pale Ale - American,beer-images.beerizer.com%2Fraw%2F29%2F41%2F418391.jpg,"=HYPERLINK(""https://beerizer.com/shop/cloudwater/pfeiffer-west-coast-pale-6-pack--418391"", ""Beer Page"")",England,blue,white,
Pfeiffer | West Coast Pale4-Pack,Cloudwater Brew Co.,20.30,3.62,4%,Pale Ale - American,beer-images.beerizer.com%2Fraw%2F29%2F41%2F418392.jpg,"=HYPERLINK(""https://beerizer.com/shop/cloudwater/pfeiffer-west-coast-pale-4-pack--418392"", ""Beer Page"")",England,blue,white,
Pfeiffer | West Coast PaleSingle,Cloudwater Brew Co.,5.40,3.62,4%,Pale Ale - American,beer-images.beerizer.com%2Fraw%2F29%2F41%2F418393.jpg,"=HYPERLINK(""https://beerizer.com/shop/cloudwater/pfeiffer-west-coast-pale-single--418393"", ""Beer Page"")",England,blue,white,
Westvleteren 12 2023 Quadrupel,Brouwerij De Sint-Sixtusabdij van Westvleteren,9.00,4.36,10.2%,Belgian Quadrupel,beer-images.beerizer.com%2Fraw%2F97%2F41%2F418383.png,"=HYPERLINK(""https://beerizer.com/shop/houseofbeers/westvleteren-12-2023-quadrupel--418383"", ""Beer Page"")",Belgium,dark,light,
Ongelovige Thomas 2023 Quadrupel,Jopen,4.10,3.65,10%,Belgian Quadrupel,beer-images.beerizer.com%2Fraw%2F97%2F41%2F418380.png,"=HYPERLINK(""https://beerizer.com/shop/houseofbeers/jopen-ongelovige-thomas-2023-quadrupel--418380"", ""Beer Page"")",Netherlands,red,white,
On The Rocks Fruitbier,Brouwerij Liefmans,2.00,3.38,3.8%,Fruit Beer,beer-images.beerizer.com%2Fraw%2F97%2F41%2F418382.png,"=HYPERLINK(""https://beerizer.com/shop/houseofbeers/liefmans-on-the-rocks-fruitbier--418382"", ""Beer Page"")",Belgium,red,white,
Fruitesse 0.0 Fruitbier,Brouwerij Liefmans,2.15,3.13,N/A,Non-Alcoholic - Other,beer-images.beerizer.com%2Fraw%2F97%2F41%2F418381.png,"=HYPERLINK(""https://beerizer.com/shop/houseofbeers/liefmans-fruitesse-00-fruitbier--418381"", ""Beer Page"")",Belgium,white,blue,
Brouwers Dulle Teve 2021 Tripel,Brouwerij De Dolle Brouwers,6.00,3.75,10%,Belgian Tripel,beer-images.beerizer.com%2Fraw%2F97%2F41%2F418379.png,"=HYPERLINK(""https://beerizer.com/shop/houseofbeers/de-dolle-brouwers-dulle-teve-2021-tripel--418379"", ""Beer Page"")",Belgium,white,blue,
Agnus Tripel,Brouwerij Corsendonk,2.65,3.63,7.5%,Belgian Tripel,beer-images.beerizer.com%2Fraw%2F97%2F41%2F418378.png,"=HYPERLINK(""https://beerizer.com/shop/houseofbeers/corsendonk-agnus-tripel--418378"", ""Beer Page"")",Belgium,white,black,
23121 Tripel,Abbaye de Maredsous,2.80,3.72,10%,Belgian Tripel,beer-images.beerizer.com%2Fraw%2F26%2F4%2F40965.jpg,"=HYPERLINK(""https://beerizer.com/shop/acedrinks/23121-tripel--40965"", ""Beer Page"")",Belgium,yellow,blue,
Brouwerij Verhaege Duchesse De Bourgogne,Brouwerij Verhaeghe,8.99,3.65,6.2%,Sour - Flanders Red Ale,beer-images.beerizer.com%2Fraw%2F26%2F18%2F183256.jpg,"=HYPERLINK(""https://beerizer.com/shop/acedrinks/brouwerij-verhaege-duchesse-de-bourgogne--183256"", ""Beer Page"")",Belgium,white,black,
Pacific Haze,Dutch Bargain,3.55,3.64,6.5%,IPA - New England / Hazy,beer-images.beerizer.com%2Fraw%2F26%2F28%2F287124.jpg,"=HYPERLINK(""https://beerizer.com/shop/acedrinks/dutch-bargain-pacific-haze--287124"", ""Beer Page"")",Netherlands,blue,white,
Sancti Adalberti Lentebock,Brouwerij Egmond,3.55,3.49,6.5%,Bock - Hell / Maibock / Lentebock,beer-images.beerizer.com%2Fraw%2F26%2F40%2F402298.webp,"=HYPERLINK(""https://beerizer.com/shop/acedrinks/sancti-adalberti-lentebock--402298"", ""Beer Page"")",Netherlands,unknown,unknown,
Val-dieu Blond,Brasserie de l'Abbaye du Val-Dieu,2.60,3.46,6%,Belgian Blonde,beer-images.beerizer.com%2Fraw%2F26%2F40%2F400481.webp,"=HYPERLINK(""https://beerizer.com/shop/acedrinks/val-dieu-blond--400481"", ""Beer Page"")",Belgium,unknown,unknown,
Ai Pi Iei,Bereta Brewing Co.,3.40,3.67,6.3%,IPA - American,assets.untappd.com%2Fsite%2Fbeer_logos%2Fbeer-1596793_a08b0_sm.jpeg,"=HYPERLINK(""https://beerizer.com/shop/bereta/ai-pi-iei--67198"", ""Beer Page"")",Romania,purple,white,
Visual Ear,DEYA Brewing Company,10.60,4.01,8%,IPA - Imperial / Double New England / Hazy,beer-images.beerizer.com%2Fraw%2F91%2F41%2F418361.jpg,"=HYPERLINK(""https://beerizer.com/shop/icderladen/visual-ear--418361"", ""Beer Page"")",England,yellow,green,
Thunderdell,Left Handed Giant Brewing,8.50,3.99,6.5%,IPA - New England / Hazy,beer-images.beerizer.com%2Fraw%2F91%2F41%2F418362.jpg,"=HYPERLINK(""https://beerizer.com/shop/icderladen/thunderdell--418362"", ""Beer Page"")",England,blue,yellow,
Ibidem (Yuzu),Root + Branch Brewing,13.30,3.96,3.5%,Sour - Fruited Berliner Weisse,beer-images.beerizer.com%2Fraw%2F91%2F41%2F418355.jpg,"=HYPERLINK(""https://beerizer.com/shop/icderladen/ibidem-yuzu--418355"", ""Beer Page"")",United States,brown,white,
Starkad,Left Handed Giant Brewing,7.40,3.81,5%,Pilsner - Czech / Bohemian,beer-images.beerizer.com%2Fraw%2F91%2F41%2F418363.jpg,"=HYPERLINK(""https://beerizer.com/shop/icderladen/starkad--418363"", ""Beer Page"")",England,black,white,
Coffee & Beer (Masthead & Six Shooter Coffee),AleSmith Brewing Company,7.40,3.81,9%,Barleywine - Other,beer-images.beerizer.com%2Fraw%2F91%2F41%2F418367.jpg,"=HYPERLINK(""https://beerizer.com/shop/icderladen/coffee-beer-masthead-six-shooter-coffee--418367"", ""Beer Page"")",United States,yellow,black,
Zesty Grapefruit Radler,Left Handed Giant Brewing,7.00,3.75,2.5%,Shandy / Radler,beer-images.beerizer.com%2Fraw%2F91%2F41%2F418364.jpg,"=HYPERLINK(""https://beerizer.com/shop/icderladen/zesty-grapefruit-radler--418364"", ""Beer Page"")",England,blue,white,
Hop Beat,S&A Brewing,6.40,3.74,6.4%,IPA - New England / Hazy,beer-images.beerizer.com%2Fraw%2F91%2F41%2F418365.jpg,"=HYPERLINK(""https://beerizer.com/shop/icderladen/hop-beat--418365"", ""Beer Page"")",Switzerland,white,black,
Milkshake,Wiper And True,5.40,3.85,5.6%,Stout - Milk / Sweet,beer-images.beerizer.com%2Fraw%2F22%2F5%2F51450.jpg,"=HYPERLINK(""https://beerizer.com/shop/ghostwhale/milkshake--51450"", ""Beer Page"")",England,black,white,
Bandit,The Gipsy Hill Brewing Co.,3.30,3.48,3.8%,Gluten-Free,beer-images.beerizer.com%2Fraw%2F22%2F5%2F51251.jpg,"=HYPERLINK(""https://beerizer.com/shop/ghostwhale/bandit--51251"", ""Beer Page"")",England,orange,white,
Run Wild,Athletic Brewing Company,3.30,3.36,0.5%,Non-Alcoholic - IPA,beer-images.beerizer.com%2Fraw%2F22%2F17%2F171971.jpg,"=HYPERLINK(""https://beerizer.com/shop/ghostwhale/run-wild--171971"", ""Beer Page"")",United States,blue,white,
Bonfire Stout,Drop Bear Beer Co.,3.10,3.01,0.5%,Non-Alcoholic - Porter / Stout,beer-images.beerizer.com%2Fraw%2F22%2F7%2F78622.jpg,"=HYPERLINK(""https://beerizer.com/shop/ghostwhale/bonfire-stout--78622"", ""Beer Page"")",Wales,blue,white,
Yard Arm Lager,Jump Ship Brewing Ltd,3.30,2.99,0.5%,Non-Alcoholic - Lager,beer-images.beerizer.com%2Fraw%2F22%2F5%2F51276.jpg,"=HYPERLINK(""https://beerizer.com/shop/ghostwhale/yard-arm-lager--51276"", ""Beer Page"")",Scotland,black,white,
New World Lager,Drop Bear Beer Co.,3.10,2.87,0.5%,Non-Alcoholic - Lager,beer-images.beerizer.com%2Fraw%2F22%2F10%2F101985.jpg,"=HYPERLINK(""https://beerizer.com/shop/ghostwhale/new-world-lager--101985"", ""Beer Page"")",Wales,green,white,
Libellule,La Source Beer Co.,3.91,3.67,4%,Wheat Beer - Other,beer-images.beerizer.com%2Fraw%2F8%2F14%2F141962.jpg,"=HYPERLINK(""https://beerizer.com/shop/etre_gourmet/la-source-libellule--141962"", ""Beer Page"")",Belgium,blue,white,
Schofferhofer Juicy Pineapple,Radeberger Gruppe,2.90,3.66,3.2%,Shandy / Radler,beer-images.beerizer.com%2Fraw%2F23%2F28%2F283208.jpg,"=HYPERLINK(""https://beerizer.com/shop/beergonzo/schofferhofer-juicy-pineapple--283208"", ""Beer Page"")",Germany,blue,yellow,
Kasteel Rouge,Kasteel Brouwerij Vanhonsebrouck,5.30,3.59,8%,Fruit Beer,beer-images.beerizer.com%2Fraw%2F23%2F6%2F67625.jpg,"=HYPERLINK(""https://beerizer.com/shop/beergonzo/kasteel-rouge--67625"", ""Beer Page"")",Belgium,brown,red,
Schofferhofer Grapefruit Radler,Radeberger Gruppe,2.90,3.58,2.5%,Shandy / Radler,beer-images.beerizer.com%2Fraw%2F23%2F4%2F44948.jpg,"=HYPERLINK(""https://beerizer.com/shop/beergonzo/schofferhofer-grapefruit-radler--44948"", ""Beer Page"")",Germany,blue,white,
Kriek,Brouwerij Lindemans,6.00,3.57,3.5%,Lambic - Kriek,beer-images.beerizer.com%2Fraw%2F23%2F27%2F270685.jpg,"=HYPERLINK(""https://beerizer.com/shop/beergonzo/kriek--270685"", ""Beer Page"")",Belgium,red,white,
Münchner Hell,Spaten-Franziskaner-Löwenbräu-Gruppe,5.30,3.39,5.2%,Lager - Helles,beer-images.beerizer.com%2Fraw%2F23%2F41%2F418349.jpg,"=HYPERLINK(""https://beerizer.com/shop/beergonzo/munchner-hell--418349"", ""Beer Page"")",Germany,red,white,
Kasteel Rouge AF,Kasteel Brouwerij Vanhonsebrouck,4.10,3.37,N/A,Non-Alcoholic - Other,beer-images.beerizer.com%2Fraw%2F23%2F39%2F399722.jpg,"=HYPERLINK(""https://beerizer.com/shop/beergonzo/kasteel-rouge-af--399722"", ""Beer Page"")",Belgium,blue,white,
Schneider Weisse Tap 3 Mein Alkoholfreies,Schneider Weisse G. Schneider & Sohn,3.20,2.89,0.3%,Non-Alcoholic - Wheat,beer-images.beerizer.com%2Fraw%2F23%2F4%2F48594.jpg,"=HYPERLINK(""https://beerizer.com/shop/beergonzo/schneider-weisse-tap-3-mein-alkoholfreies--48594"", ""Beer Page"")",Germany,blue,gold,
Chouffe,Brasserie d'Achouffe,3.50,2.77,0.4%,Non-Alcoholic - Other,beer-images.beerizer.com%2Fraw%2F23%2F35%2F350614.jpg,"=HYPERLINK(""https://beerizer.com/shop/beergonzo/chouffe--350614"", ""Beer Page"")",Belgium,white,black,
Val-Dieu Grand Cru,Brasserie de l'Abbaye du Val-Dieu,6.95,3.78,10.5%,Belgian Quadrupel,beer-images.beerizer.com%2Fraw%2F27%2F4%2F42015.jpg,"=HYPERLINK(""https://beerizer.com/shop/speciaalbierpakket/val-dieu-grand-cru--42015"", ""Beer Page"")",Belgium,white,black,
Duchesse de Bourgogne,Brouwerij Verhaeghe,2.10,3.65,6.2%,Sour - Flanders Red Ale,beer-images.beerizer.com%2Fraw%2F27%2F4%2F41541.jpg,"=HYPERLINK(""https://beerizer.com/shop/speciaalbierpakket/duchesse-de-bourgogne--41541"", ""Beer Page"")",Belgium,black,white,
Zillertal Schwarzes,Zillertal Bier,2.10,3.34,5.2%,Schwarzbier,beer-images.beerizer.com%2Fraw%2F27%2F35%2F351110.jpg,"=HYPERLINK(""https://beerizer.com/shop/speciaalbierpakket/zillertal-schwarzes--351110"", ""Beer Page"")",Austria,black,white,
"Amsterdam, Ny (chapitre 4)",Brasserie Sir John Brewing Co.,12.65,4.17,6.2%,IPA - New England / Hazy,beer-images.beerizer.com%2Fraw%2F62%2F41%2F418348.jpg,"=HYPERLINK(""https://beerizer.com/shop/onlygoodbeer/amsterdam-ny-chapitre-4--418348"", ""Beer Page"")",Canada,blue,white,
Haze Gods,SOMA Beer,7.71,4.13,8%,IPA - Imperial / Double New England / Hazy,beer-images.beerizer.com%2Fraw%2F62%2F41%2F418345.jpg,"=HYPERLINK(""https://beerizer.com/shop/onlygoodbeer/haze-gods--418345"", ""Beer Page"")",Spain,red,white,
Panic,SOMA Beer,8.57,4.04,7%,IPA - New England / Hazy,beer-images.beerizer.com%2Fraw%2F62%2F41%2F418347.jpg,"=HYPERLINK(""https://beerizer.com/shop/onlygoodbeer/panic--418347"", ""Beer Page"")",Spain,red,white,
Cheat Code,SOMA Beer,8.89,4.04,8%,IPA - Imperial / Double New England / Hazy,beer-images.beerizer.com%2Fraw%2F62%2F41%2F418338.jpg,"=HYPERLINK(""https://beerizer.com/shop/onlygoodbeer/cheat-code--418338"", ""Beer Page"")",Spain,pink,white,
The Voice Inside My Head,Ruse Brewing,13.28,3.93,10%,IPA - American,beer-images.beerizer.com%2Fraw%2F62%2F41%2F418337.jpg,"=HYPERLINK(""https://beerizer.com/shop/onlygoodbeer/the-voice-inside-my-head--418337"", ""Beer Page"")",United States,white,black,
Ecureuil,La Source Beer Co.,6.31,4.04,10%,Stout - Imperial / Double Pastry,beer-images.beerizer.com%2Fraw%2F8%2F41%2F418335.jpg,"=HYPERLINK(""https://beerizer.com/shop/etre_gourmet/la-source-ecureuil--418335"", ""Beer Page"")",Belgium,black,white,
Sowie bezalkoholowe pomarańczoweą,Browar Wielka Sowa,2.70,3.48,0.5%,Non-Alcoholic - Pale Ale,beer-images.beerizer.com%2Fraw%2F65%2F41%2F418334.png,"=HYPERLINK(""https://beerizer.com/shop/piwnemosty/sowie-bezalkoholowe-pomaranczowea--418334"", ""Beer Page"")",Poland,white,black,
Lervig Rackhouse Naranja,LERVIG,20.95,4.21,11.5%,Stout - Imperial / Double,beer-images.beerizer.com%2Fraw%2F8%2F41%2F418333.jpg,"=HYPERLINK(""https://beerizer.com/shop/etre_gourmet/lervig-rackhouse-naranja--418333"", ""Beer Page"")",Norway,black,white,
Bogaerden Oude Geuze,Brouwerij-Stokerij Sako,5.60,3.71,6.5%,Lambic - Gueuze,beer-images.beerizer.com%2Fraw%2F66%2F41%2F418332.webp,"=HYPERLINK(""https://beerizer.com/shop/huisvandegeuze/bogaerden-oude-geuze--418332"", ""Beer Page"")",Belgium,unknown,unknown,
Elvis Juice IPA Berlin,BrewDog,2.69,3.69,6.5%,IPA - Fruited,beer-images.beerizer.com%2Fraw%2F70%2F19%2F192850.jpg,"=HYPERLINK(""https://beerizer.com/shop/craftbeer_shop/brewdog-elvis-juice-ipa-berlin--192850"", ""Beer Page"")",Scotland,red,white,
BrewDog Kiez Keule DH Export Lager,BrewDog Deutschland,2.49,3.44,5.8%,Lager - Dortmunder / Export,beer-images.beerizer.com%2Fraw%2F70%2F27%2F273874.jpg,"=HYPERLINK(""https://beerizer.com/shop/craftbeer_shop/brewdog-kiez-keule-dh-export-lager--273874"", ""Beer Page"")",Germany,white,black,
BrewDog Crazy Monk Helles,BrewDog Deutschland,2.69,3.42,5%,Lager - Helles,beer-images.beerizer.com%2Fraw%2F70%2F36%2F367994.jpg,"=HYPERLINK(""https://beerizer.com/shop/craftbeer_shop/brewdog-crazy-monk-helles--367994"", ""Beer Page"")",Germany,white,black,
Hop Head IPA7,Craftwerk Brewing,2.39,3.42,8%,IPA - American,beer-images.beerizer.com%2Fraw%2F70%2F15%2F158607.jpg,"=HYPERLINK(""https://beerizer.com/shop/craftbeer_shop/craftwerk-hop-head-ipa7--158607"", ""Beer Page"")",Germany,green,white,
Holy Cowl,Craftwerk Brewing,1.67,3.31,9%,Belgian Tripel,beer-images.beerizer.com%2Fraw%2F70%2F15%2F158606.jpg,"=HYPERLINK(""https://beerizer.com/shop/craftbeer_shop/craftwerk-holy-cowl--158606"", ""Beer Page"")",Germany,white,black,
Schelde Brouwerij Zeezuiper,Scheldebrouwerij,2.50,3.65,8%,Belgian Tripel,beer-images.beerizer.com%2Fraw%2F94%2F39%2F395628.png,"=HYPERLINK(""https://beerizer.com/shop/verdins/schelde-brouwerij-zeezuiper--395628"", ""Beer Page"")",Belgium,blue,white,
Schelde Brouwerij 'n Toeback 7,Scheldebrouwerij,2.75,3.57,9%,Belgian Strong Golden Ale,beer-images.beerizer.com%2Fraw%2F94%2F41%2F418325.jpg,"=HYPERLINK(""https://beerizer.com/shop/verdins/schelde-brouwerij-n-toeback-7--418325"", ""Beer Page"")",Belgium,purple,yellow,
Schelde Brouwerij Dulle Griet,Scheldebrouwerij,2.50,3.29,6.5%,Belgian Dubbel,beer-images.beerizer.com%2Fraw%2F94%2F41%2F418326.png,"=HYPERLINK(""https://beerizer.com/shop/verdins/schelde-brouwerij-dulle-griet--418326"", ""Beer Page"")",Belgium,black,white,
Dreumes IPA,Brouwerij Rufus,3.80,3.59,7%,IPA - American,beer-images.beerizer.com%2Fraw%2F97%2F41%2F418324.png,"=HYPERLINK(""https://beerizer.com/shop/houseofbeers/rufus-dreumes-ipa--418324"", ""Beer Page"")",Netherlands,white,black,
Trappistes Rochefort - 6,Abbaye Notre-Dame de Saint-Rémy,4.60,3.71,7.5%,Belgian Dubbel,beer-images.beerizer.com%2Fraw%2F22%2F11%2F118294.jpg,"=HYPERLINK(""https://beerizer.com/shop/ghostwhale/trappistes-rochefort-6--118294"", ""Beer Page"")",Belgium,brown,white,
No Worries,LERVIG,2.30,3.19,0.5%,Non-Alcoholic - IPA,beer-images.beerizer.com%2Fraw%2F22%2F5%2F56490.jpg,"=HYPERLINK(""https://beerizer.com/shop/ghostwhale/no-worries--56490"", ""Beer Page"")",Norway,blue,white,
Straffe Hendrik Brugs Tripel Bier,Brouwerij De Halve Maan,3.20,3.76,9%,Belgian Tripel,beer-images.beerizer.com%2Fraw%2F48%2F13%2F135575.jpg,"=HYPERLINK(""https://beerizer.com/shop/bierloods22/straffe-hendrik-brugs-tripel-bier--135575"", ""Beer Page"")",Belgium,green,yellow,
Leip Hèrt,Brouwerij Durs,3.70,3.44,6.2%,IPA - New England / Hazy,beer-images.beerizer.com%2Fraw%2F48%2F34%2F340837.jpg,"=HYPERLINK(""https://beerizer.com/shop/bierloods22/leip-hert--340837"", ""Beer Page"")",Netherlands,pink,white,
Woerdens Wit (batch#1),Bierloods22,3.30,3.42,5%,Wheat Beer - Witbier / Blanche,beer-images.beerizer.com%2Fraw%2F48%2F27%2F276215.jpg,"=HYPERLINK(""https://beerizer.com/shop/bierloods22/woerdens-wit-batch1--276215"", ""Beer Page"")",Netherlands,white,black,
Sour Ni,Browar Monsters,4.20,3.90,4.8%,Sour - Fruited Gose,beer-images.beerizer.com%2Fraw%2F65%2F15%2F159874.jpg,"=HYPERLINK(""https://beerizer.com/shop/piwnemosty/sour-ni--159874"", ""Beer Page"")",Poland,black,white,
Boerenerf Edelrood,Het Boerenerf Eylenbosch,25.30,4.19,8.4%,Lambic - Kriek,beer-images.beerizer.com%2Fraw%2F60%2F41%2F418322.png,"=HYPERLINK(""https://beerizer.com/shop/beermerchants/boerenerf-edelrood--418322"", ""Beer Page"")",Belgium,white,black,
3 Fonteinen - Zenne y Frontera MAGNUM,Brouwerij 3 Fonteinen,111.60,4.72,5.8%,Lambic - Traditional,beer-images.beerizer.com%2Fraw%2F60%2F41%2F418313.png,"=HYPERLINK(""https://beerizer.com/shop/beermerchants/3-fonteinen-zenne-y-frontera-magnum--418313"", ""Beer Page"")",Belgium,blue,white,
Boerenerf Ambrosia,Het Boerenerf Eylenbosch,29.00,4.31,12%,Mead - Melomel,beer-images.beerizer.com%2Fraw%2F60%2F41%2F418315.png,"=HYPERLINK(""https://beerizer.com/shop/beermerchants/boerenerf-ambrosia--418315"", ""Beer Page"")",Belgium,white,black,
Gele Belgische Perzik,Brouwerij 3 Fonteinen,28.90,4.22,6.3%,Lambic - Fruit,beer-images.beerizer.com%2Fraw%2F60%2F41%2F418297.png,"=HYPERLINK(""https://beerizer.com/shop/beermerchants/3-fonteinen-gele-belgische-perzik--418297"", ""Beer Page"")",Belgium,blue,white,
Cuvée Robinot (Pineau d'Aunis & Chenin Blanc),Brouwerij 3 Fonteinen,30.20,4.18,7%,Lambic - Fruit,beer-images.beerizer.com%2Fraw%2F60%2F41%2F418314.png,"=HYPERLINK(""https://beerizer.com/shop/beermerchants/3-fonteinen-cuvee-robinot-pineau-daunis-chenin-blanc--418314"", ""Beer Page"")",Belgium,white,black,
Boerenerf Pinot de charentes,Het Boerenerf Eylenbosch,26.30,4.16,8.4%,Lambic - Fruit,beer-images.beerizer.com%2Fraw%2F60%2F41%2F418317.png,"=HYPERLINK(""https://beerizer.com/shop/beermerchants/boerenerf-pinot-de-charentes--418317"", ""Beer Page"")",Belgium,white,black,
Spróng,Tommie Sjef,46.80,4.11,7.4%,Wild Ale - Other,beer-images.beerizer.com%2Fraw%2F60%2F41%2F418307.jpg,"=HYPERLINK(""https://beerizer.com/shop/beermerchants/tommie-sjef-sprong--418307"", ""Beer Page"")",Netherlands,white,black,
Saaz,Tommie Sjef,46.70,4.11,6.8%,Wild Ale - Other,beer-images.beerizer.com%2Fraw%2F60%2F41%2F418304.jpg,"=HYPERLINK(""https://beerizer.com/shop/beermerchants/tommie-sjef-saaz--418304"", ""Beer Page"")",Netherlands,brown,white,
Rosato,Tommie Sjef,46.90,4.11,7.6%,Wild Ale - Other,beer-images.beerizer.com%2Fraw%2F60%2F41%2F418303.png,"=HYPERLINK(""https://beerizer.com/shop/beermerchants/tommie-sjef-rosato--418303"", ""Beer Page"")",Netherlands,white,black,
Moonshine got Me (Cassis mead & lambic hybrid),Brouwerij 3 Fonteinen,31.50,4.08,6.9%,Mead - Braggot,beer-images.beerizer.com%2Fraw%2F60%2F41%2F418299.png,"=HYPERLINK(""https://beerizer.com/shop/beermerchants/3-fonteinen-moonshine-got-me-cassis-mead-lambic-hybrid--418299"", ""Beer Page"")",Belgium,black,gold,
Flint,Tommie Sjef,47.00,4.07,7.9%,Wild Ale - Other,beer-images.beerizer.com%2Fraw%2F60%2F41%2F418298.png,"=HYPERLINK(""https://beerizer.com/shop/beermerchants/tommie-sjef-flint--418298"", ""Beer Page"")",Netherlands,white,black,
Boerenerf Loemerte,Het Boerenerf Eylenbosch,22.00,4.03,6.7%,Cider - Dry,beer-images.beerizer.com%2Fraw%2F60%2F41%2F418321.jpg,"=HYPERLINK(""https://beerizer.com/shop/beermerchants/boerenerf-loemerte--418321"", ""Beer Page"")",Belgium,white,black,
Silhouet,Tommie Sjef,47.00,4.01,8.2%,Wild Ale - Other,beer-images.beerizer.com%2Fraw%2F60%2F41%2F418306.png,"=HYPERLINK(""https://beerizer.com/shop/beermerchants/tommie-sjef-silhouet--418306"", ""Beer Page"")",Netherlands,black,white,
Wilde Terf x Brasserie de la Senne,Brouwerij 3 Fonteinen,24.20,4.00,6.9%,Wild Ale - Other,beer-images.beerizer.com%2Fraw%2F60%2F41%2F418301.png,"=HYPERLINK(""https://beerizer.com/shop/beermerchants/3-fonteinen-wilde-terf-x-brasserie-de-la-senne--418301"", ""Beer Page"")",Belgium,black,white,
Boerenerf Alsacien,Het Boerenerf Eylenbosch,22.00,3.99,5.9%,Lambic - Fruit,beer-images.beerizer.com%2Fraw%2F60%2F41%2F418319.png,"=HYPERLINK(""https://beerizer.com/shop/beermerchants/boerenerf-alsacien--418319"", ""Beer Page"")",Belgium,blue,white,
Boerenerf Symbiose,Het Boerenerf Eylenbosch,25.30,3.99,8.2%,Cider - Graff,beer-images.beerizer.com%2Fraw%2F60%2F41%2F418318.jpg,"=HYPERLINK(""https://beerizer.com/shop/beermerchants/boerenerf-symbiose--418318"", ""Beer Page"")",Belgium,white,black,
Juicy & Wild Gross-Elle,Lambiek Fabriek,20.40,3.98,7.7%,Lambic - Fruit,beer-images.beerizer.com%2Fraw%2F60%2F41%2F418309.png,"=HYPERLINK(""https://beerizer.com/shop/beermerchants/lambiek-fabriek-juicy-wild-gross-elle--418309"", ""Beer Page"")",Belgium,white,red,
Oud Bruin,Tommie Sjef,46.80,3.97,7.1%,Sour - Flanders Oud Bruin,beer-images.beerizer.com%2Fraw%2F60%2F41%2F418302.jpg,"=HYPERLINK(""https://beerizer.com/shop/beermerchants/tommie-sjef-oud-bruin--418302"", ""Beer Page"")",Netherlands,white,black,
Juicy & Wild Malvas-Elle,Lambiek Fabriek,11.70,3.97,7%,Lambic - Other,beer-images.beerizer.com%2Fraw%2F60%2F41%2F418311.jpg,"=HYPERLINK(""https://beerizer.com/shop/beermerchants/lambiek-fabriek-juicy-wild-malvas-elle--418311"", ""Beer Page"")",Belgium,orange,white,
Juicy & Wild Pluri-Elle,Lambiek Fabriek,21.00,3.93,6.1%,Lambic - Fruit,beer-images.beerizer.com%2Fraw%2F60%2F41%2F418310.png,"=HYPERLINK(""https://beerizer.com/shop/beermerchants/lambiek-fabriek-juicy-wild-pluri-elle--418310"", ""Beer Page"")",Belgium,white,black,
Boerenerf Mu'siek,Het Boerenerf Eylenbosch,22.20,3.92,6.9%,Lambic - Fruit,beer-images.beerizer.com%2Fraw%2F60%2F41%2F418316.png,"=HYPERLINK(""https://beerizer.com/shop/beermerchants/boerenerf-musiek--418316"", ""Beer Page"")",Belgium,blue,white,
Juicy & Wild Black Belle,Lambiek Fabriek,19.50,3.92,7%,Lambic - Fruit,beer-images.beerizer.com%2Fraw%2F60%2F41%2F418308.jpg,"=HYPERLINK(""https://beerizer.com/shop/beermerchants/lambiek-fabriek-juicy-wild-black-belle--418308"", ""Beer Page"")",Belgium,purple,white,
Juicy & Wild Muscar-Elle,Lambiek Fabriek,12.70,3.84,8.8%,Lambic - Fruit,beer-images.beerizer.com%2Fraw%2F60%2F41%2F418312.png,"=HYPERLINK(""https://beerizer.com/shop/beermerchants/lambiek-fabriek-juicy-wild-muscar-elle--418312"", ""Beer Page"")",Belgium,white,black,
Juicy Talks,Browar Artezan,4.40,3.62,4.8%,Sour - Fruited,beer-images.beerizer.com%2Fraw%2F65%2F41%2F418293.png,"=HYPERLINK(""https://beerizer.com/shop/piwnemosty/juicy-talks--418293"", ""Beer Page"")",Poland,black,white,
Mango PBJ Time Mead,Mad Scientist,18.99,3.65,10.5%,Pale Ale - Milkshake,beer-images.beerizer.com%2Fraw%2F95%2F40%2F404558.png,"=HYPERLINK(""https://beerizer.com/shop/brewhunter/mango-pbj-time-mead--404558"", ""Beer Page"")",Hungary,orange,black,
Boerenerf Oude Gueuze 1871,Het Boerenerf Eylenbosch,12.00,4.10,6.75%,Lambic - Gueuze,beer-images.beerizer.com%2Fraw%2F66%2F41%2F418286.webp,"=HYPERLINK(""https://beerizer.com/shop/huisvandegeuze/boerenerf-oude-gueuze-1871--418286"", ""Beer Page"")",Belgium,unknown,unknown,
Ambreus Oude Geuze - Limited Edition 2025,Stekerij Ambreus,6.40,4.08,6.7%,Lambic - Gueuze,beer-images.beerizer.com%2Fraw%2F66%2F41%2F418279.webp,"=HYPERLINK(""https://beerizer.com/shop/huisvandegeuze/ambreus-oude-geuze-limited-edition-2025--418279"", ""Beer Page"")",Belgium,unknown,unknown,
Whisky Symphony Gueuze,Brouwerij Eylenbosch,39.00,3.88,8.5%,Lambic - Gueuze,beer-images.beerizer.com%2Fraw%2F66%2F35%2F350600.png,"=HYPERLINK(""https://beerizer.com/shop/huisvandegeuze/eylenbosch-whisky-symphony-gueuze--350600"", ""Beer Page"")",Belgium,white,black,
De Cort Wild Adam Limited Vintage Magnum Edition 2019,De Cort Distillery,40.00,3.87,6.5%,Lambic - Fruit,beer-images.beerizer.com%2Fraw%2F66%2F41%2F418283.webp,"=HYPERLINK(""https://beerizer.com/shop/huisvandegeuze/de-cort-wild-adam-limited-vintage-magnum-edition-2019--418283"", ""Beer Page"")",Belgium,unknown,unknown,
Bosbes,Funky Fluid,16.20,4.08,7%,Sour - Flanders Red Ale,beer-images.beerizer.com%2Fraw%2F92%2F41%2F410828.jpg,"=HYPERLINK(""https://beerizer.com/shop/funkyshop/bosbes--410828"", ""Beer Page"")",Poland,white,black,
Game Over: Artifact,Funky Fluid,3.80,3.87,6.3%,IPA - White / Wheat,beer-images.beerizer.com%2Fraw%2F92%2F41%2F410830.jpg,"=HYPERLINK(""https://beerizer.com/shop/funkyshop/game-over-artifact--410830"", ""Beer Page"")",Poland,green,white,
Bogaerden Black Kriek,Brouwerij-Stokerij Sako,16.95,4.15,6.5%,Lambic - Kriek,beer-images.beerizer.com%2Fraw%2F66%2F41%2F418269.webp,"=HYPERLINK(""https://beerizer.com/shop/huisvandegeuze/bogaerden-black-kriek--418269"", ""Beer Page"")",Belgium,unknown,unknown,
Bogaerden Oude Kriek,Brouwerij-Stokerij Sako,11.55,4.11,6.5%,Lambic - Kriek,beer-images.beerizer.com%2Fraw%2F66%2F41%2F418270.webp,"=HYPERLINK(""https://beerizer.com/shop/huisvandegeuze/bogaerden-oude-kriek--418270"", ""Beer Page"")",Belgium,unknown,unknown,
Bogaerden Oude Geuze,Brouwerij-Stokerij Sako,8.50,3.71,6.5%,Lambic - Gueuze,beer-images.beerizer.com%2Fraw%2F66%2F41%2F418271.webp,"=HYPERLINK(""https://beerizer.com/shop/huisvandegeuze/bogaerden-oude-geuze--418271"", ""Beer Page"")",Belgium,unknown,unknown,
glass,Lambiek Fabriek,4.00,3.64,6%,Lambic - Traditional,beer-images.beerizer.com%2Fraw%2F66%2F41%2F418275.webp,"=HYPERLINK(""https://beerizer.com/shop/huisvandegeuze/lambiek-fabriek-glass--418275"", ""Beer Page"")",Belgium,unknown,unknown,
Lumberstruck (2025),Revolution Brewing Company,21.25,4.42,13%,Barleywine - Other,beer-images.beerizer.com%2Fraw%2F73%2F41%2F418266.png,"=HYPERLINK(""https://beerizer.com/shop/hopsandhopes/lumberstruck-2025--418266"", ""Beer Page"")",United States,green,white,
Black Wedding (2025),Fanø Bryghus,15.50,4.25,13.5%,Stout - Imperial / Double,beer-images.beerizer.com%2Fraw%2F73%2F41%2F418256.png,"=HYPERLINK(""https://beerizer.com/shop/hopsandhopes/black-wedding-2025--418256"", ""Beer Page"")",Denmark,black,white,
White Dog's 7th Birthday Juice,White Dog Brewery,7.75,4.01,8%,IPA - Imperial / Double New England / Hazy,beer-images.beerizer.com%2Fraw%2F73%2F41%2F418262.png,"=HYPERLINK(""https://beerizer.com/shop/hopsandhopes/white-dogs-7th-birthday-juice--418262"", ""Beer Page"")",Netherlands,blue,white,
Whisky Business,Fanø Bryghus,14.25,4.00,12%,Stout - Russian Imperial,beer-images.beerizer.com%2Fraw%2F73%2F41%2F418257.png,"=HYPERLINK(""https://beerizer.com/shop/hopsandhopes/whisky-business--418257"", ""Beer Page"")",Denmark,white,black,
Fast Forward To SEVEN,White Dog Brewery,7.75,3.96,7%,IPA - New England / Hazy,beer-images.beerizer.com%2Fraw%2F73%2F41%2F418263.png,"=HYPERLINK(""https://beerizer.com/shop/hopsandhopes/fast-forward-to-seven--418263"", ""Beer Page"")",Netherlands,purple,white,
"You Are A Woman, I Am A Machine",Black Rebel Brewing Company,6.75,3.86,9.6%,IPA - Triple New England / Hazy,beer-images.beerizer.com%2Fraw%2F73%2F41%2F418259.png,"=HYPERLINK(""https://beerizer.com/shop/hopsandhopes/you-are-a-woman-i-am-a-machine--418259"", ""Beer Page"")",Germany,black,white,
Ticket To the Tropics,White Dog Brewery,7.75,3.84,6.4%,IPA - New England / Hazy,beer-images.beerizer.com%2Fraw%2F73%2F41%2F418264.png,"=HYPERLINK(""https://beerizer.com/shop/hopsandhopes/ticket-to-the-tropics--418264"", ""Beer Page"")",Netherlands,purple,white,
Strange Altars,Metalhead,6.25,3.80,13%,Barleywine - Other,beer-images.beerizer.com%2Fraw%2F73%2F41%2F418260.png,"=HYPERLINK(""https://beerizer.com/shop/hopsandhopes/strange-altars--418260"", ""Beer Page"")",Bulgaria,brown,black,
Romantic Rights,Black Rebel Brewing Company,5.63,3.60,5.1%,Pale Ale - American,beer-images.beerizer.com%2Fraw%2F73%2F41%2F418258.png,"=HYPERLINK(""https://beerizer.com/shop/hopsandhopes/romantic-rights--418258"", ""Beer Page"")",Germany,black,white,
Rosa,The Garden Brewery,4.33,3.53,5.2%,Lager - Helles,beer-images.beerizer.com%2Fraw%2F53%2F28%2F286829.jpg,"=HYPERLINK(""https://beerizer.com/shop/drinkonline/the-garden-brewery-rosa--286829"", ""Beer Page"")",Croatia,white,black,
Triple Pixel,Phase Three Brewing,11.50,4.31,10%,IPA - Triple New England / Hazy,beer-images.beerizer.com%2Fraw%2F73%2F29%2F293989.jpg,"=HYPERLINK(""https://beerizer.com/shop/hopsandhopes/triple-pixel--293989"", ""Beer Page"")",United States,white,black,
The Garden Brewery / Espiga - Imperial Speculoos Stout,The Garden Brewery,3.74,3.65,7.1%,Stout - Imperial / Double Pastry,beer-images.beerizer.com%2Fraw%2F53%2F32%2F328494.jpg,"=HYPERLINK(""https://beerizer.com/shop/drinkonline/the-garden-brewery-espiga-imperial-speculoos-stout--328494"", ""Beer Page"")",Croatia,white,black,
Hideaway,Wicklow Wolf Brewing Company,8.47,3.47,4%,Lager - Helles,beer-images.beerizer.com%2Fraw%2F62%2F41%2F418243.jpg,"=HYPERLINK(""https://beerizer.com/shop/onlygoodbeer/hideaway--418243"", ""Beer Page"")",Ireland,orange,black,
Hoppy Ending,Mister Hop,4.50,3.60,6.4%,IPA - New England / Hazy,beer-images.beerizer.com%2Fraw%2F33%2F39%2F392677.webp,"=HYPERLINK(""https://beerizer.com/shop/mr_hop/hoppy-ending--392677"", ""Beer Page"")",Netherlands,unknown,unknown,
Rood-Wit-Blauw,Mister Hop,4.75,3.47,7.5%,Belgian Tripel,beer-images.beerizer.com%2Fraw%2F33%2F34%2F340689.png,"=HYPERLINK(""https://beerizer.com/shop/mr_hop/rood-wit-blauw--340689"", ""Beer Page"")",Netherlands,silver,white,
Coven,Revenant Brewing Project,6.54,3.89,8.2%,IPA - Imperial / Double New England / Hazy,beer-images.beerizer.com%2Fraw%2F95%2F41%2F418241.png,"=HYPERLINK(""https://beerizer.com/shop/brewhunter/coven--418241"", ""Beer Page"")",Finland,black,white,
Pacific,Browar Artezan,3.90,3.67,5%,Pale Ale - American,beer-images.beerizer.com%2Fraw%2F65%2F31%2F317138.jpg,"=HYPERLINK(""https://beerizer.com/shop/piwnemosty/pacific--317138"", ""Beer Page"")",Poland,orange,yellow,
Żeby Nie Było Niczego,Browar Artezan,3.20,3.22,0.5%,Non-Alcoholic - IPA,beer-images.beerizer.com%2Fraw%2F65%2F37%2F370527.jpg,"=HYPERLINK(""https://beerizer.com/shop/piwnemosty/zeby-nie-bylo-niczego--370527"", ""Beer Page"")",Poland,white,black,
Muifel Brouwerij Nondeju Grand Cru Blond,Muifelbrouwerij,3.40,3.62,11.5%,Belgian Strong Golden Ale,beer-images.beerizer.com%2Fraw%2F97%2F41%2F418239.png,"=HYPERLINK(""https://beerizer.com/shop/houseofbeers/muifel-brouwerij-nondeju-grand-cru-blond--418239"", ""Beer Page"")",Netherlands,black,white,
Muifel Brouwerij Zuster Agatha Whisky Infused 2024 Quadrupel,Muifelbrouwerij,4.25,3.61,10%,Belgian Quadrupel,beer-images.beerizer.com%2Fraw%2F97%2F41%2F418240.jpg,"=HYPERLINK(""https://beerizer.com/shop/houseofbeers/muifel-brouwerij-zuster-agatha-whisky-infused-2024-quadrupel--418240"", ""Beer Page"")",Netherlands,blue,yellow,
Filou Tripel Tripel,Eet- en Biercafé Lombok,6.95,3.56,8.5%,Belgian Tripel,beer-images.beerizer.com%2Fraw%2F97%2F41%2F418237.png,"=HYPERLINK(""https://beerizer.com/shop/houseofbeers/filou-tripel-tripel--418237"", ""Beer Page"")",Netherlands,gold,black,
King of the Tripel,Guilty Monkey Brewery,12.50,3.46,7.5%,Belgian Tripel,beer-images.beerizer.com%2Fraw%2F97%2F41%2F418238.png,"=HYPERLINK(""https://beerizer.com/shop/houseofbeers/guilty-monkey-king-of-the-tripel--418238"", ""Beer Page"")",Netherlands,brown,white,
Bommen & Granaten 2012,Brouwerij de Molen,12.80,3.82,15.2%,Barleywine - Other,beer-images.beerizer.com%2Fraw%2F23%2F35%2F353939.jpg,"=HYPERLINK(""https://beerizer.com/shop/beergonzo/bommen-granaten-2012--353939"", ""Beer Page"")",Netherlands,white,black,
3 Bean Stout,LERVIG/ Way Beer,7.51,4.09,12%,Stout - Imperial / Double,beer-images.beerizer.com%2Fraw%2F62%2F12%2F123981.png,"=HYPERLINK(""https://beerizer.com/shop/onlygoodbeer/3-bean-stout--123981"", ""Beer Page"")",Norway,blue,black,
Tasty Juice,LERVIG,9.42,3.86,6%,IPA - American,beer-images.beerizer.com%2Fraw%2F62%2F13%2F135353.png,"=HYPERLINK(""https://beerizer.com/shop/onlygoodbeer/tasty-juice--135353"", ""Beer Page"")",Norway,green,white,
Perler for Svin,LERVIG,5.79,3.78,6.3%,IPA - New England / Hazy,beer-images.beerizer.com%2Fraw%2F62%2F18%2F185896.png,"=HYPERLINK(""https://beerizer.com/shop/onlygoodbeer/perler-for-svin--185896"", ""Beer Page"")",Norway,blue,silver,
Kveik Culture: Brewski,LERVIG,7.94,3.76,8%,Sour - Smoothie / Pastry,beer-images.beerizer.com%2Fraw%2F62%2F34%2F347021.jpg,"=HYPERLINK(""https://beerizer.com/shop/onlygoodbeer/kveik-culture-brewski--347021"", ""Beer Page"")",Norway,blue,white,
Tundra,Wicklow Wolf Brewing Company,8.47,3.72,5.6%,IPA - New England / Hazy,beer-images.beerizer.com%2Fraw%2F62%2F24%2F243875.png,"=HYPERLINK(""https://beerizer.com/shop/onlygoodbeer/tundra--243875"", ""Beer Page"")",Ireland,blue,white,
Mammoth IPA,Wicklow Wolf Brewing Company,8.47,3.63,6.2%,IPA - American,beer-images.beerizer.com%2Fraw%2F62%2F24%2F243873.png,"=HYPERLINK(""https://beerizer.com/shop/onlygoodbeer/mammoth-ipa--243873"", ""Beer Page"")",Ireland,blue,white,
Elevation Pale Ale,Wicklow Wolf Brewing Company,8.47,3.59,4.8%,Pale Ale - American,beer-images.beerizer.com%2Fraw%2F62%2F24%2F243872.png,"=HYPERLINK(""https://beerizer.com/shop/onlygoodbeer/elevation-pale-ale--243872"", ""Beer Page"")",Ireland,blue,white,
Wildfire,Wicklow Wolf Brewing Company,8.47,3.45,4.6%,Red Ale - Irish,beer-images.beerizer.com%2Fraw%2F62%2F24%2F243876.jpg,"=HYPERLINK(""https://beerizer.com/shop/onlygoodbeer/wildfire--243876"", ""Beer Page"")",Ireland,white,black,
No Worries Grapefruit,LERVIG,3.75,3.25,0.5%,Non-Alcoholic - IPA,beer-images.beerizer.com%2Fraw%2F62%2F19%2F194347.png,"=HYPERLINK(""https://beerizer.com/shop/onlygoodbeer/no-worries-grapefruit--194347"", ""Beer Page"")",Norway,white,black,
Roots,Magic Road,3.80,3.63,5%,IPA - Session,beer-images.beerizer.com%2Fraw%2F65%2F41%2F418229.png,"=HYPERLINK(""https://beerizer.com/shop/piwnemosty/roots--418229"", ""Beer Page"")",Poland,blue,white,
Bock,Magic Road,3.70,3.52,7.5%,Bock - Single / Traditional,beer-images.beerizer.com%2Fraw%2F65%2F41%2F418227.png,"=HYPERLINK(""https://beerizer.com/shop/piwnemosty/bock--418227"", ""Beer Page"")",Poland,purple,white,
Festa,Galea Craft Beers,3.50,3.24,4.5%,Belgian Blonde,assets.untappd.com%2Fsite%2Fbeer_logos%2Fbeer-5740781_c62e8_sm.jpeg,"=HYPERLINK(""https://beerizer.com/shop/hopsnmore/festa--364371"", ""Beer Page"")",Belgium,black,white,
Karmeliet Tripel,Brouwerij Bosteels,8.95,3.98,8.4%,Belgian Tripel,beer-images.beerizer.com%2Fraw%2F36%2F5%2F58287.png,"=HYPERLINK(""https://beerizer.com/shop/melgers/karmeliet-tripel--58287"", ""Beer Page"")",Belgium,black,white,
Abt-generaal Quadrupel,Berne Abdijbier,3.95,3.70,10.5%,Belgian Quadrupel,assets.untappd.com%2Fsite%2Fbeer_logos%2Fbeer-2639253_cd4c5_sm.jpeg,"=HYPERLINK(""https://beerizer.com/shop/melgers/abt-generaal-quadrupel--313400"", ""Beer Page"")",Netherlands,brown,white,
Zundert Trappist 8 Tripel,Trappistenbrouwerij de Kievit B.V.,2.90,3.65,8%,Belgian Tripel,beer-images.beerizer.com%2Fraw%2F36%2F5%2F57527.png,"=HYPERLINK(""https://beerizer.com/shop/melgers/zundert-trappist-8-tripel--57527"", ""Beer Page"")",Netherlands,white,black,
La Goudale Grand Cru,Brasserie Goudale - Les Brasseurs de Gayant,3.20,3.62,7.9%,Belgian Strong Golden Ale,assets.untappd.com%2Fsite%2Fbeer_logos%2Fbeer-3350889_ac447_sm.jpeg,"=HYPERLINK(""https://beerizer.com/shop/melgers/la-goudale-grand-cru--316522"", ""Beer Page"")",France,dark,gold,
Abt Tripel,Berne Abdijbier,3.70,3.61,9%,Belgian Tripel,assets.untappd.com%2Fsite%2Fbeer_logos%2Fbeer-1731114_870a4_sm.jpeg,"=HYPERLINK(""https://beerizer.com/shop/melgers/abt-tripel--313399"", ""Beer Page"")",Netherlands,blue,white,
Brugse Sport Zot Alcoholvrij,Brouwerij De Halve Maan,2.80,2.78,0.4%,Non-Alcoholic - Pale Ale,beer-images.beerizer.com%2Fraw%2F36%2F5%2F57820.png,"=HYPERLINK(""https://beerizer.com/shop/melgers/brugse-sport-zot-alcoholvrij--57820"", ""Beer Page"")",Belgium,white,black,
"Chouffe 0,4 Blond Alcoholvrij",Brasserie d'Achouffe,2.60,2.77,0.4%,Non-Alcoholic - Other,assets.untappd.com%2Fsite%2Fbeer_logos%2Fbeer-5127446_dd3c9_sm.jpeg,"=HYPERLINK(""https://beerizer.com/shop/melgers/chouffe-04-blond-alcoholvrij--263973"", ""Beer Page"")",Belgium,blue,white,
Triple Trouble New England TIPA,Salikatt Bryggeri,7.95,4.20,10%,IPA - Triple New England / Hazy,beer-images.beerizer.com%2Fraw%2F97%2F41%2F418213.jpg,"=HYPERLINK(""https://beerizer.com/shop/houseofbeers/salikatt-triple-trouble-new-england-tipa--418213"", ""Beer Page"")",Norway,black,white,
Adagio Strong Ale,Van Moll,6.95,4.01,11%,Strong Ale - Other,beer-images.beerizer.com%2Fraw%2F97%2F41%2F418217.jpg,"=HYPERLINK(""https://beerizer.com/shop/houseofbeers/van-moll-adagio-strong-ale--418217"", ""Beer Page"")",Netherlands,dark,light,
Cassis Lambiek/Geuze,Brouwerij Lindemans,2.65,3.63,3.5%,Lambic - Fruit,beer-images.beerizer.com%2Fraw%2F97%2F41%2F418211.png,"=HYPERLINK(""https://beerizer.com/shop/houseofbeers/lindemans-cassis-lambiekgeuze--418211"", ""Beer Page"")",Belgium,blue,gold,
Bird Of Prey IPA,Uiltje Brewing Company,3.50,3.60,5.8%,IPA - American,beer-images.beerizer.com%2Fraw%2F97%2F41%2F418214.jpg,"=HYPERLINK(""https://beerizer.com/shop/houseofbeers/uiltje-brewing-company-bird-of-prey-ipa--418214"", ""Beer Page"")",Netherlands,gold,black,
Blond,Uiltje Brewing Company,3.35,3.50,6%,Blonde / Golden Ale - Other,beer-images.beerizer.com%2Fraw%2F97%2F41%2F418215.jpg,"=HYPERLINK(""https://beerizer.com/shop/houseofbeers/uiltje-brewing-company-blond--418215"", ""Beer Page"")",Netherlands,yellow,black,
Mannenliefde Saison Ale,Oedipus Brewing,3.65,3.46,6%,Farmhouse Ale - Saison,beer-images.beerizer.com%2Fraw%2F97%2F41%2F418212.jpg,"=HYPERLINK(""https://beerizer.com/shop/houseofbeers/oedipus-mannenliefde-saison-ale--418212"", ""Beer Page"")",Netherlands,gold,white,
Brewdog ElvisJuice NEIPA,BrewDog,3.20,3.69,6.5%,IPA - Fruited,beer-images.beerizer.com%2Fraw%2F97%2F41%2F418204.jpg,"=HYPERLINK(""https://beerizer.com/shop/houseofbeers/brewdog-elvisjuice-neipa--418204"", ""Beer Page"")",Scotland,brown,red,
Brewdog Hazy Jane NEIPA,BrewDog,3.45,3.67,5%,IPA - New England / Hazy,beer-images.beerizer.com%2Fraw%2F97%2F41%2F418205.jpg,"=HYPERLINK(""https://beerizer.com/shop/houseofbeers/brewdog-hazy-jane-neipa--418205"", ""Beer Page"")",Scotland,blue,white,
Trio Tripel,Brouwerij Der Verlanghe,3.85,3.63,8%,Belgian Tripel,beer-images.beerizer.com%2Fraw%2F97%2F41%2F418206.png,"=HYPERLINK(""https://beerizer.com/shop/houseofbeers/der-verlanghe-trio-tripel--418206"", ""Beer Page"")",Netherlands,white,black,
Creature From The Blackberry Lagoon Sour,100 Watt Brewery,4.00,3.52,6.5%,Sour - Fruited,beer-images.beerizer.com%2Fraw%2F97%2F41%2F418202.jpg,"=HYPERLINK(""https://beerizer.com/shop/houseofbeers/100-watt-creature-from-the-blackberry-lagoon-sour--418202"", ""Beer Page"")",Netherlands,white,black,
Kompaan Bloedbroeder Stout,KOMPAAN Dutch Craft Beer Company,3.85,3.47,9.1%,Stout - Imperial / Double,beer-images.beerizer.com%2Fraw%2F97%2F41%2F418209.png,"=HYPERLINK(""https://beerizer.com/shop/houseofbeers/kompaan-bloedbroeder-stout--418209"", ""Beer Page"")",Netherlands,black,white,
All Tomorrow's Parties,Root + Branch Brewing,14.99,4.38,6.5%,IPA - New England / Hazy,beer-images.beerizer.com%2Fraw%2F11%2F26%2F261885.png,"=HYPERLINK(""https://beerizer.com/shop/beer_republic/all-tomorrows-parties--261885"", ""Beer Page"")",United States,white,black,
Barrel Aged Jones Dog,Pipeworks Brewing Company,16.99,4.30,11%,Stout - Imperial / Double Milk,beer-images.beerizer.com%2Fraw%2F11%2F41%2F418193.png,"=HYPERLINK(""https://beerizer.com/shop/beer_republic/barrel-aged-jones-dog--418193"", ""Beer Page"")",United States,black,white,
The Castle: Citra,Root + Branch Brewing,14.99,4.24,5.3%,Pale Ale - New England / Hazy,beer-images.beerizer.com%2Fraw%2F11%2F26%2F261887.png,"=HYPERLINK(""https://beerizer.com/shop/beer_republic/the-castle-citra--261887"", ""Beer Page"")",United States,white,black,
Barrel-Aged Last Kiss,Pipeworks Brewing Company,16.99,4.21,15.7%,Scotch Ale / Wee Heavy,beer-images.beerizer.com%2Fraw%2F11%2F41%2F418194.png,"=HYPERLINK(""https://beerizer.com/shop/beer_republic/barrel-aged-last-kiss--418194"", ""Beer Page"")",United States,blue,white,
Anthora (Burundi Muramvya Teka Hill),Root + Branch Brewing,14.99,4.16,8.5%,Stout - Imperial / Double Milk,beer-images.beerizer.com%2Fraw%2F11%2F41%2F418186.png,"=HYPERLINK(""https://beerizer.com/shop/beer_republic/anthora-burundi-muramvya-teka-hill--418186"", ""Beer Page"")",United States,black,white,
NvU vs. The Haze,Pipeworks Brewing Company,9.99,4.14,8%,IPA - Imperial / Double New England / Hazy,beer-images.beerizer.com%2Fraw%2F11%2F22%2F223032.png,"=HYPERLINK(""https://beerizer.com/shop/beer_republic/nvu-vs-the-haze--223032"", ""Beer Page"")",United States,black,red,
Les Fleurs du Mal,Root + Branch Brewing,12.49,4.12,5%,Wheat Beer - Witbier / Blanche,beer-images.beerizer.com%2Fraw%2F11%2F41%2F418190.png,"=HYPERLINK(""https://beerizer.com/shop/beer_republic/les-fleurs-du-mal--418190"", ""Beer Page"")",United States,white,black,
Awwww! How Cute Is This? A Pair of Rats Chasing Each Other on the Subway Tracks,Evil Twin Brewing NYC,12.49,4.03,7%,IPA - New England / Hazy,beer-images.beerizer.com%2Fraw%2F11%2F41%2F418181.png,"=HYPERLINK(""https://beerizer.com/shop/beer_republic/awwww-how-cute-is-this-a-pair-of-rats-chasing-each-other-on-the-subway-tracks--418181"", ""Beer Page"")",United States,brown,white,
Blood of the Unicorn,Pipeworks Brewing Company,8.99,3.83,6.5%,Red Ale - American Amber / Red,beer-images.beerizer.com%2Fraw%2F11%2F41%2F418199.png,"=HYPERLINK(""https://beerizer.com/shop/beer_republic/blood-of-the-unicorn--418199"", ""Beer Page"")",United States,black,white,
Femme Fatale Yuzu Spectacle / Root + Branch,Evil Twin Brewing NYC,12.49,3.77,8.15%,IPA - Imperial / Double New England / Hazy,beer-images.beerizer.com%2Fraw%2F11%2F41%2F418185.png,"=HYPERLINK(""https://beerizer.com/shop/beer_republic/femme-fatale-yuzu-spectacle-root-branch--418185"", ""Beer Page"")",United States,blue,white,
